84AI,G8PA,1XB5,3VBZ,7NIK,WOY6,EMFE,UME9
7K6J,5GSB,SXG1,M481,AR3E,87FO,TD9F,B5DN
W25I,AM6B,M7NK,WOJ0,PL6Y,32YF,1RNV,GXTD
6PXL,77KN,5FNW,QSKZ,ALQV,I6JL,8HWG,17B8
QSI5,XJJA,FV6M,U6RC,JK4T,0KXU,YC27,FHJN
B86C,XAUU,EYB4,2SZJ,1XW8,J6Q4,KNL9,6JPJ
PB1O,4IQS,MQAU,S9GQ,5T0Q,XV65,S3NS,6SHS
PPCX,IH6J,NQHH,LWO0,P7DN,RXQL,5JUW,72Z1
FNE6,X316,1S6V,TKF0,ANZP,IQ2H,UZ22,JTL4
9RIQ,SFCT,VKKH,PWZD,GL7V,4MVE,CELD,TG8H
J3DW,O0LH,E1DL,W9C4,VPLT,RG4O,NHHH,A8ZT
Z86W,7TRH,LYRK,C36M,14YP,I4TI,E2DN,TTKB
2YAU,YCK2,XDUI,3PFA,IGSJ,OLH4,LUTF,OOBS
IY2R,LDVD,RQ5W,SX6M,PLRG,O87J,7YVY,QTFF
1HQS,RLM7,ULAP,Q8YF,4KV4,W2PL,RAXZ,HFJD
JLR7,94U0,JW11,QRSD,KN17,HIX2,XPF8,W9RZ
